{"cameraMode":{"drawMode":0,"name":"Shaded","section":"Shading Mode"},"sceneLighting":true,"audioPlay":false,"sceneViewState":{"m_AlwaysRefresh":false,"showFog":true,"showSkybox":true,"showFlares":true,"showImageEffects":true,"showParticleSystems":true,"showVisualEffectGraphs":true,"m_FxEnabled":true},"in2DMode":false,"pivot":{"x":-4.194490909576416,"y":31.662155151367189,"z":15.412589073181153},"rotation":{"x":0.013899442739784718,"y":0.9857301712036133,"z":-0.10419201850891113,"w":0.13149526715278626},"size":5.206259727478027,"orthographic":false}