{"cameraMode":{"drawMode":0,"name":"Shaded","section":"Shading Mode"},"sceneLighting":true,"audioPlay":false,"sceneViewState":{"m_AlwaysRefresh":false,"showFog":true,"showSkybox":true,"showFlares":true,"showImageEffects":true,"showParticleSystems":true,"showVisualEffectGraphs":true,"m_FxEnabled":true},"in2DMode":false,"pivot":{"x":-76.77082824707031,"y":11.202269554138184,"z":82.51583862304688},"rotation":{"x":-0.23563681542873383,"y":-0.015162836760282517,"z":0.0036325245164334776,"w":-0.9717366099357605},"size":1.813838243484497,"orthographic":false}