{"cameraMode":{"drawMode":0,"name":"Shaded","section":"Shading Mode"},"sceneLighting":true,"audioPlay":false,"sceneViewState":{"m_AlwaysRefresh":false,"showFog":true,"showSkybox":true,"showFlares":true,"showImageEffects":true,"showParticleSystems":true,"showVisualEffectGraphs":true,"m_FxEnabled":true},"in2DMode":false,"pivot":{"x":-61.9202880859375,"y":61.79170227050781,"z":91.50421905517578},"rotation":{"x":0.31962940096855166,"y":-0.6794758439064026,"z":0.4450630247592926,"w":0.48794981837272646},"size":-0.0013685717713087798,"orthographic":false}